line_id,item_code,confidence,decision,reason_code,candidates
ACM-H-5001,,0.9000,review,lexical_ambiguous,ACM-HEXB0906:0.9000|ACM-HEXB0710:0.8522|ACM-HEXB0103:0.7778
ACM-H-5002,,0.7606,review,lexical_ambiguous,ACM-HEXB0319:0.7967|ACM-HEXB0800:0.7667|ACM-HEXB0038:0.7518
ACM-H-5003,,0.9000,review,lexical_ambiguous,ACM-CABL1016:0.9500|ACM-CABL0461:0.8340|ACM-CABL0560:0.7840
ACM-H-5004,,0.9000,review,lexical_ambiguous,ACM-CABL1035:0.9000|ACM-CABL0913:0.8313|ACM-CABL0545:0.8313
ACM-H-5005,,0.8776,review,lexical_ambiguous,ACM-PVCP0220:0.8810|ACM-PVCP0142:0.8621|ACM-PVCP0625:0.8621
ACM-H-5006,,0.9000,review,lexical_ambiguous,ACM-BALL0688:0.9000|ACM-BALL1007:0.8804|ACM-BALL0128:0.8522
ACM-H-5007,,0.8500,review,lexical_ambiguous,ACM-HOSE0593:0.8000|ACM-HOSE0546:0.7161|ACM-HOSE0428:0.6654
ACM-H-5008,,0.9000,review,lexical_ambiguous,ACM-BALL0702:0.9500|ACM-BALL0376:0.8296|ACM-BALL0178:0.8000
ACM-H-5009,ACM-PVCP0126,1.0000,auto,barcode_hit,ACM-PVCP0126:1.0000
ACM-H-5010,ACM-WALL0730,1.0000,auto,alias_exact,ACM-WALL0730:1.0000
ACM-H-5011,ACM-SAFE0847,1.0000,auto,alias_exact,ACM-SAFE0847:1.0000
ACM-H-5012,,0.9000,review,lexical_ambiguous,ACM-HOSE0106:0.9000|ACM-HOSE0106B:0.9000|ACM-HOSE0424:0.8054
ACM-H-5013,,0.3073,reject,no_candidate_above_floor,ACM-CABL1048:0.3600|ACM-CABL0545:0.3538|ACM-CABL0576:0.3491
ACM-H-5014,,0.4784,reject,no_candidate_above_floor,ACM-MISC001:0.5164|ACM-MISC002:0.5164|ACM-MISC010:0.5164
ACM-H-5015,,0.8500,review,lexical_ambiguous,ACM-HEXB0431:0.8500|ACM-HEXB0566:0.7774|ACM-HEXB0427:0.7774
ACM-H-5016,,0.7768,review,lexical_ambiguous,ACM-CABL0752:0.8104|ACM-CABL1050:0.7439|ACM-CABL0921:0.7400
ACM-H-5017,,0.8250,review,lexical_ambiguous,ACM-SAFE0049:0.8250|ACM-SAFE0169:0.7895|ACM-SAFE0919:0.7895
ACM-H-5018,ACM-MASK0342,0.8606,auto,lexical_unique,ACM-MASK0342:0.8667|ACM-MASK0269:0.7651|ACM-MASK0475:0.7000
ACM-H-5019,,0.9000,review,lexical_ambiguous,ACM-MASK0490:0.9000|ACM-MASK0291:0.8267|ACM-MASK0323:0.7411
ACM-H-5020,,0.8250,review,lexical_ambiguous,ACM-CABL0805:0.7750|ACM-CABL0792:0.7063|ACM-CABL0095:0.7063
ACM-H-5021,,0.7500,review,lexical_ambiguous,ACM-NITR0586:0.8000|ACM-NITR0617:0.7580|ACM-NITR0092:0.7340
ACM-H-5022,,0.9000,review,lexical_ambiguous,ACM-PVCP0166:0.9500|ACM-PVCP0912:0.9296|ACM-PVCP0337:0.8296
ACM-H-5023,,0.9000,review,lexical_ambiguous,ACM-CABL0706:0.9000|ACM-CABL0259:0.8365|ACM-CABL1057:0.8365
ACM-H-5024,ACM-PVCP0994,1.0000,auto,alias_exact,ACM-PVCP0994:1.0000
ACM-H-5025,,0.8250,review,lexical_ambiguous,ACM-PVCP0643B:0.8250|ACM-PVCP0482:0.8250|ACM-PVCP0666:0.8250
ACM-H-5026,,0.3073,reject,no_candidate_above_floor,ACM-CABL1048:0.3600|ACM-CABL0545:0.3538|ACM-CABL0576:0.3491
ACM-H-5027,,0.3668,reject,no_candidate_above_floor,ACM-NITR0487:0.4219|ACM-NITR0760:0.4090|ACM-NITR0344:0.4042
ACM-H-5028,,0.8250,review,lexical_ambiguous,ACM-SAFE0110:0.8250|ACM-SAFE0182:0.7871|ACM-SAFE0483:0.7784
ACM-H-5029,,0.7172,review,lexical_ambiguous,ACM-HEXB0771:0.7953|ACM-SELF0272:0.6946|ACM-HEXB0658:0.6646
ACM-H-5030,ACM-GIWI0505,0.8768,auto,lexical_unique,ACM-GIWI0505:0.9104|ACM-GIWI0961:0.7407|ACM-GIWI0968:0.7318
ACM-H-5031,,0.8089,review,lexical_ambiguous,ACM-BALL0954:0.8652|ACM-BALL0741:0.8176|ACM-BALL0525:0.7176
ACM-H-5032,,0.9000,review,lexical_ambiguous,ACM-ANGL0157:0.9500|ACM-ANGL0858:0.8090|ACM-ANGL1085:0.8015
ACM-H-5033,,0.9000,review,lexical_ambiguous,ACM-PVCP0994:0.9500|ACM-PVCP0347:0.9000|ACM-PVCP1037:0.8500
ACM-H-5034,ACM-HEXB0357,0.8500,auto,lexical_unique,ACM-HEXB0357:0.8000|ACM-HEXB0585:0.6731|ACM-HEXB0115:0.6714
ACM-H-5035,,0.8250,review,lexical_ambiguous,ACM-SAFE0019:0.8750|ACM-SAFE0779:0.7991|ACM-SAFE0182:0.7871
ACM-H-5036,ACM-NITR0344,1.0000,auto,alias_exact,ACM-NITR0344:1.0000
ACM-H-5037,ACM-PVCP0994,1.0000,auto,alias_exact,ACM-PVCP0994:1.0000
ACM-H-5038,ACM-HEXB0743,1.0000,auto,alias_exact,ACM-HEXB0743:1.0000
ACM-H-5039,,0.9000,review,lexical_ambiguous,ACM-PVCP0666:0.9000|ACM-PVCP0666B:0.9000|ACM-PVCP0799:0.8780
ACM-H-5040,,0.4198,reject,no_candidate_above_floor,ACM-WALL0494:0.4783|ACM-WALL0030:0.4745|ACM-WALL0724:0.4745
ACM-H-5041,,0.1156,reject,no_candidate_above_floor,ACM-HOSE0244:0.2094|ACM-HOSE0953:0.2094|ACM-HOSE1095:0.2094
ACM-H-5042,,0.9000,review,lexical_ambiguous,ACM-WALL0184:0.9500|ACM-WALL0651:0.8860|ACM-WALL0736:0.7750
ACM-H-5043,,0.6781,reject,no_candidate_above_floor,ACM-HEXB0219:0.6969|ACM-HEXB0465:0.6969|ACM-HEXB0606:0.6858
ACM-H-5044,,0.9000,review,lexical_ambiguous,ACM-HEXB0053:0.9000|ACM-HEXB0844:0.8500|ACM-HEXB0387:0.8078
ACM-H-5045,,0.9000,review,lexical_ambiguous,ACM-HEXB0790:0.9000|ACM-HEXB0207:0.8351|ACM-HEXB0274:0.8274
ACM-H-5046,,0.8000,review,lexical_ambiguous,ACM-PVCP0392:0.8000|ACM-PVCP0195:0.8000|ACM-PVCP0432:0.8000
ACM-H-5047,,0.8250,review,lexical_ambiguous,ACM-PVCP0394:0.8550|ACM-PVCP0796:0.8250|ACM-PVCP0171:0.8226
ACM-H-5048,,0.8250,review,lexical_ambiguous,ACM-WALL1024:0.7750|ACM-WALL0308:0.7226|ACM-WALL0592:0.7110
ACM-H-5049,,0.9000,review,lexical_ambiguous,ACM-BALL0001:0.9000|ACM-BALL0797:0.8203|ACM-BALL0305:0.8203
ACM-H-5050,ACM-NITR0934,1.0000,auto,barcode_hit,ACM-NITR0934:1.0000
ACM-H-5051,ACM-HEXB0743,1.0000,auto,alias_exact,ACM-HEXB0743:1.0000
ACM-H-5052,,0.9000,review,lexical_ambiguous,ACM-BALL0364:0.9000|ACM-BALL0364B:0.9000|ACM-BALL0879:0.9000
ACM-H-5053,,0.2690,reject,no_candidate_above_floor,ACM-CABL0697:0.3276|ACM-HEXB0714:0.3270|ACM-HEXB0628:0.3270
ACM-H-5054,,0.2965,reject,no_candidate_above_floor,ACM-WALL1006:0.3509|ACM-WALL0066:0.3509|ACM-WALL1030:0.3466
ACM-H-5055,,0.8250,review,lexical_ambiguous,ACM-SAFE0543:0.8250|ACM-SAFE0388:0.7917|ACM-SAFE1038:0.7840
ACM-H-5056,ACM-GIWI0495,0.8882,auto,lexical_unique,ACM-GIWI0495:0.9200|ACM-GIWI1067:0.7382|ACM-GIWI0627:0.7300
ACM-H-5057,,0.8225,review,lexical_ambiguous,ACM-HEXB0867:0.8768|ACM-HEXB1049:0.7871|ACM-HEXB0139:0.7613
ACM-H-5058,,0.9000,review,lexical_ambiguous,ACM-PVCP0119:0.9500|ACM-PVCP0619:0.9296|ACM-PVCP0647:0.8296
ACM-H-5059,,0.9000,review,lexical_ambiguous,ACM-HEXB0292:0.9000|ACM-HEXB0606:0.8560|ACM-HEXB0313:0.8560
ACM-H-5060,ACM-GIWI0179,0.9000,auto,lexical_unique,ACM-GIWI0179:0.9000|ACM-GIWI0059:0.8052|ACM-GIWI0948:0.6821
ACM-H-5061,,0.8250,review,lexical_ambiguous,ACM-WALL0875:0.7750|ACM-WALL0002:0.7226|ACM-WALL0976:0.7000
ACM-H-5062,,0.9000,review,lexical_ambiguous,ACM-HEXB0290:0.9000|ACM-HEXB1059:0.8542|ACM-HEXB0599:0.8088
ACM-H-5063,,0.9000,review,lexical_ambiguous,ACM-HEXB0701:0.9000|ACM-HEXB0236:0.8522|ACM-HEXB1020:0.8522
ACM-H-5064,ACM-BALL0084,1.0000,auto,barcode_hit,ACM-BALL0084:1.0000
ACM-H-5065,ACM-HEXB0743,1.0000,auto,alias_exact,ACM-HEXB0743:1.0000
ACM-H-5066,,0.8250,review,lexical_ambiguous,ACM-BALL0364:0.8250|ACM-BALL0682:0.8250|ACM-BALL0954:0.8250
ACM-H-5067,,0.4179,reject,no_candidate_above_floor,ACM-CABL0830:0.4536|ACM-CABL0602:0.4536|ACM-CABL0311:0.4536
ACM-H-5068,,0.3668,reject,no_candidate_above_floor,ACM-NITR0487:0.4219|ACM-NITR0760:0.4090|ACM-NITR0344:0.4042
ACM-H-5069,,0.9000,review,lexical_ambiguous,ACM-PVCP0394:0.9500|ACM-PVCP1051:0.8304|ACM-PVCP0117:0.8304
ACM-H-5070,,0.7019,review,lexical_ambiguous,ACM-CABL1039:0.7593|ACM-CABL0785:0.6593|ACM-CABL0910:0.6389
ACM-H-5071,,0.9000,review,lexical_ambiguous,ACM-PVCP0463:0.9000|ACM-PVCP0755:0.8804|ACM-PVCP0138:0.8804
ACM-H-5072,,0.9000,review,lexical_ambiguous,ACM-SELF0945:0.9500|ACM-SELF0918:0.7767|ACM-SELF0457:0.7663
ACM-H-5073,,0.9000,review,lexical_ambiguous,ACM-HOSE0665:0.9000|ACM-HOSE0531:0.8481|ACM-HOSE0637:0.7681
ACM-H-5074,,0.8250,review,lexical_ambiguous,ACM-HEXB1059:0.8750|ACM-HEXB0431:0.8750|ACM-HEXB0261:0.8550
ACM-H-5075,,0.8250,review,lexical_ambiguous,ACM-ANGL0838:0.8250|ACM-ANGL0040:0.7145|ACM-ANGL0051:0.7145
ACM-H-5076,ACM-SAFE0984,1.0000,auto,alias_exact,ACM-SAFE0984:1.0000
ACM-H-5077,ACM-SELF0918,1.0000,auto,barcode_hit,ACM-SELF0918:1.0000
ACM-H-5078,ACM-HEXB0445,1.0000,auto,alias_exact,ACM-HEXB0445:1.0000
ACM-H-5079,,0.9000,review,lexical_ambiguous,ACM-PVCP0643B:0.9000|ACM-PVCP0643:0.9000|ACM-PVCP0124:0.8780
ACM-H-5080,,0.9000,review,lexical_ambiguous,ACM-PVCP0640B:0.9000|ACM-PVCP0640:0.9000|ACM-PVCP0284:0.8796
ACM-H-5081,,0.3145,reject,no_candidate_above_floor,ACM-MASK0286:0.3661|ACM-MASK1004:0.3610|ACM-MASK0600:0.3567
ACM-H-5082,,0.9000,review,lexical_ambiguous,ACM-ANGL0845:0.9500|ACM-ANGL0810:0.8077|ACM-ANGL0411:0.8077
ACM-H-5083,,0.8319,review,lexical_ambiguous,ACM-HEXB0310:0.8847|ACM-HEXB0500:0.8194|ACM-HEXB0198:0.8042
ACM-H-5084,,0.7753,review,lexical_ambiguous,ACM-ANGL0214:0.8291|ACM-ANGL0886:0.7657|ACM-ANGL1022:0.7454
ACM-H-5085,,0.9000,review,lexical_ambiguous,ACM-HEXB0500:0.9500|ACM-HEXB0832:0.8847|ACM-HEXB0310:0.8647
ACM-H-5086,,0.9000,review,lexical_ambiguous,ACM-CABL0545:0.9500|ACM-CABL0913:0.8813|ACM-CABL0576:0.7865
ACM-H-5087,,0.9000,review,lexical_ambiguous,ACM-SELF0519:0.9500|ACM-SELF0696:0.8176|ACM-SELF0571:0.7500
ACM-H-5088,,0.7500,review,lexical_ambiguous,ACM-NITR0925:0.8000|ACM-NITR0872:0.7280|ACM-NITR0804:0.6813
ACM-H-5089,,0.9000,review,lexical_ambiguous,ACM-ANGL0838:0.9500|ACM-ANGL0477:0.8077|ACM-ANGL1019:0.8077
ACM-H-5090,,0.9000,review,lexical_ambiguous,ACM-HEXB0649:0.9500|ACM-HEXB0848:0.8042|ACM-HEXB0534:0.7869
ACM-H-5091,ACM-HEXB0404,1.0000,auto,barcode_hit,ACM-HEXB0404:1.0000
ACM-H-5092,ACM-WALL0047,1.0000,auto,alias_exact,ACM-WALL0047:1.0000
ACM-H-5093,,0.9000,review,lexical_ambiguous,ACM-MASK0286:0.9000|ACM-MASK0286B:0.9000|ACM-MASK0600:0.7854
ACM-H-5094,,0.4411,reject,no_candidate_above_floor,ACM-PVCP0949:0.4732|ACM-PVCP0297:0.4732|ACM-PVCP0151:0.4732
ACM-H-5095,,0.3145,reject,no_candidate_above_floor,ACM-WALL1006:0.3776|ACM-WALL0066:0.3776|ACM-WALL1030:0.3724
ACM-H-5096,,0.9000,review,lexical_ambiguous,ACM-GIWI0728:0.9500|ACM-GIWI0968:0.8295|ACM-GIWI0567:0.7300
ACM-H-5097,,0.7645,review,lexical_ambiguous,ACM-PVCP0048:0.8000|ACM-PVCP0138:0.7321|ACM-PVCP0732:0.7246
ACM-H-5098,,0.7828,review,lexical_ambiguous,ACM-ANGL1026:0.9008|ACM-ANGL0598:0.7461|ACM-ANGL0280:0.6967
ACM-H-5099,ACM-ANGL0080,0.9000,auto,lexical_unique,ACM-ANGL0080:0.9500|ACM-ANGL0477:0.7543|ACM-ANGL0810:0.7543
ACM-H-5100,,0.8768,review,lexical_ambiguous,ACM-PVCP0394:0.9304|ACM-PVCP0117:0.8607|ACM-PVCP1051:0.8107
ACM-H-5101,,0.8000,review,lexical_ambiguous,ACM-GIWI0948:0.8000|ACM-GIWI0620:0.8000|ACM-GIWI0801:0.8000
ACM-H-5102,,0.8250,review,lexical_ambiguous,ACM-PVCP0573:0.8750|ACM-PVCP0466:0.8560|ACM-PVCP0482:0.8060
ACM-H-5103,ACM-CABL0958,1.0000,auto,alias_exact,ACM-CABL0958:1.0000
ACM-H-5104,ACM-ANGL1090,1.0000,auto,barcode_hit,ACM-ANGL1090:1.0000
ACM-H-5105,ACM-PVCP0994,1.0000,auto,alias_exact,ACM-PVCP0994:1.0000
ACM-H-5106,ACM-HEXB0762,1.0000,auto,alias_exact,ACM-HEXB0762:1.0000
ACM-H-5107,,0.9000,review,lexical_ambiguous,ACM-HOSE0980B:0.9000|ACM-HOSE0980:0.9000|ACM-HOSE0136:0.8461
ACM-H-5108,,0.3095,reject,no_candidate_above_floor,ACM-MISC003:0.3619|ACM-MISC000:0.3619|ACM-MISC004:0.3619
ACM-H-5109,,0.3145,reject,no_candidate_above_floor,ACM-WALL1006:0.3776|ACM-WALL0066:0.3776|ACM-WALL1030:0.3724
ACM-H-5110,,0.9000,review,lexical_ambiguous,ACM-GIWI0218:0.9300|ACM-GIWI0451:0.7795|ACM-GIWI0955:0.6750
ACM-H-5111,,0.8683,review,lexical_ambiguous,ACM-HOSE1052:0.9232|ACM-HOSE0191:0.7829|ACM-HOSE0296:0.7463
ACM-H-5112,,0.8625,review,lexical_ambiguous,ACM-HEXB0877:0.9125|ACM-HEXB0356:0.7893|ACM-HEXB0790:0.7436
ACM-H-5113,,0.7717,review,lexical_ambiguous,ACM-MASK0553:0.8299|ACM-MASK0342:0.6623|ACM-MASK0475:0.6283
ACM-H-5114,,0.7979,review,lexical_ambiguous,ACM-CABL1080:0.8521|ACM-CABL0687:0.8321|ACM-CABL0520:0.8321
ACM-H-5115,,0.8250,review,lexical_ambiguous,ACM-CABL0390:0.7750|ACM-CABL0340:0.7063|ACM-CABL1039:0.7063
ACM-H-5116,,0.8250,review,lexical_ambiguous,ACM-PVCP1073:0.8750|ACM-PVCP1002:0.8338|ACM-PVCP0076:0.7538
ACM-H-5117,ACM-HEXB1097,1.0000,auto,alias_exact,ACM-HEXB1097:1.0000
ACM-H-5118,,0.9000,review,lexical_ambiguous,ACM-HEXB0957:0.9500|ACM-HEXB0572:0.8800|ACM-HEXB1047:0.8578
ACM-H-5119,ACM-HEXB0743,1.0000,auto,alias_exact,ACM-HEXB0743:1.0000
ACM-H-5120,,0.9000,review,lexical_ambiguous,ACM-PVCP0412:0.9000|ACM-PVCP0412B:0.9000|ACM-PVCP0837:0.8676
ACM-H-5121,,0.4179,reject,no_candidate_above_floor,ACM-CABL0830:0.4536|ACM-CABL0602:0.4536|ACM-CABL0311:0.4536
ACM-H-5122,,0.3145,reject,no_candidate_above_floor,ACM-WALL1006:0.3776|ACM-WALL0066:0.3776|ACM-WALL1030:0.3724
ACM-H-5123,,0.9000,review,lexical_ambiguous,ACM-MASK0530:0.9000|ACM-MASK1058:0.8185|ACM-MASK0855:0.7450
ACM-H-5124,,0.7974,review,lexical_ambiguous,ACM-MASK0878:0.8432|ACM-MASK0221:0.7098|ACM-MASK0163:0.6667
ACM-H-5125,ACM-HEXB0633,0.8886,auto,lexical_unique,ACM-HEXB0633:0.9404|ACM-HEXB0361:0.8490|ACM-HEXB0010:0.8490
ACM-H-5126,,0.9000,review,lexical_ambiguous,ACM-PVCP0949:0.9000|ACM-PVCP0200:0.8796|ACM-PVCP1075:0.8796
ACM-H-5127,,0.8683,review,lexical_ambiguous,ACM-MASK0286B:0.8732|ACM-MASK0286:0.8563|ACM-MASK0600:0.7598
ACM-H-5128,,0.8000,review,lexical_ambiguous,ACM-WALL0143:0.8000|ACM-WALL0140:0.8000|ACM-WALL1021:0.8000
ACM-H-5129,ACM-HOSE0637,0.8500,auto,lexical_unique,ACM-HOSE0637:0.8000|ACM-HOSE0373:0.6828|ACM-HOSE0185:0.6620
ACM-H-5130,,0.9000,review,lexical_ambiguous,ACM-WALL0532:0.9000|ACM-WALL0641:0.8500|ACM-WALL0535:0.8389
ACM-H-5131,,0.9000,review,lexical_ambiguous,ACM-CABL0752:0.9300|ACM-CABL0866:0.7840|ACM-CABL0239:0.7840
ACM-H-5132,ACM-HEXB0943,1.0000,auto,alias_exact,ACM-HEXB0943:1.0000
ACM-H-5133,ACM-CABL0287,1.0000,auto,alias_exact,ACM-CABL0287:1.0000
ACM-H-5134,,0.7250,review,lexical_ambiguous,ACM-HEXB1049:0.7250|ACM-HEXB0883:0.7250|ACM-HEXB0936:0.7250
ACM-H-5135,,0.3073,reject,no_candidate_above_floor,ACM-CABL1048:0.3600|ACM-CABL0545:0.3538|ACM-CABL0576:0.3491
ACM-H-5136,,0.4784,reject,no_candidate_above_floor,ACM-MISC001:0.5164|ACM-MISC002:0.5164|ACM-MISC010:0.5164
ACM-H-5137,,0.9000,review,lexical_ambiguous,ACM-PVCP1051:0.9500|ACM-PVCP0117:0.8804|ACM-PVCP0394:0.8304
ACM-H-5138,,0.6597,reject,no_candidate_above_floor,ACM-MASK0527:0.6736|ACM-MASK0405:0.6736|ACM-MASK0291:0.6736
ACM-H-5139,,0.9000,review,lexical_ambiguous,ACM-CABL0635:0.9000|ACM-CABL0744:0.8389|ACM-CABL1008:0.8389
ACM-H-5140,,0.9000,review,lexical_ambiguous,ACM-BALL0735:0.9500|ACM-BALL0213:0.8000|ACM-BALL0575:0.8000
ACM-H-5141,,0.8250,review,lexical_ambiguous,ACM-MASK0378:0.8250|ACM-MASK0530:0.8250|ACM-MASK0032:0.8250
ACM-H-5142,,0.9000,review,lexical_ambiguous,ACM-HOSE0704:0.9000|ACM-HOSE1052:0.8415|ACM-HOSE0440:0.7250
ACM-H-5143,,0.8250,review,lexical_ambiguous,ACM-CABL0805:0.7750|ACM-CABL0792:0.7063|ACM-CABL0095:0.7063
ACM-H-5144,,0.9000,review,lexical_ambiguous,ACM-CABL0990:0.9300|ACM-CABL0423:0.7865|ACM-CABL0287:0.7813
ACM-H-5145,,0.9000,review,lexical_ambiguous,ACM-HEXB0534:0.9500|ACM-HEXB0599:0.8311|ACM-HEXB0902:0.8060
ACM-H-5146,ACM-NITR0903,1.0000,auto,alias_exact,ACM-NITR0903:1.0000
ACM-H-5147,,0.7250,review,lexical_ambiguous,ACM-PVCP0297:0.7250|ACM-PVCP1055:0.7250|ACM-PVCP0159:0.7250
ACM-H-5148,,0.4198,reject,no_candidate_above_floor,ACM-WALL0494:0.4783|ACM-WALL0030:0.4745|ACM-WALL0724:0.4745
ACM-H-5149,,0.3095,reject,no_candidate_above_floor,ACM-MISC003:0.3619|ACM-MISC000:0.3619|ACM-MISC004:0.3619
ACM-H-5150,,0.9000,review,lexical_ambiguous,ACM-HEXB0153:0.9500|ACM-HEXB0148:0.8022|ACM-HEXB0630:0.8022
ACM-H-5151,,0.8309,review,lexical_ambiguous,ACM-HEXB0987:0.8338|ACM-HEXB1049:0.8176|ACM-HEXB0379:0.8176
ACM-H-5152,,0.8890,review,lexical_ambiguous,ACM-CABL0187:0.9407|ACM-CABL0785:0.8813|ACM-CABL0391:0.8313
ACM-H-5153,,0.9000,review,lexical_ambiguous,ACM-PVCP0075:0.9000|ACM-PVCP0692:0.8796|ACM-PVCP1077:0.8796
ACM-H-5154,,0.9000,review,lexical_ambiguous,ACM-WALL1030:0.9300|ACM-WALL0524:0.8560|ACM-WALL0264:0.8461
ACM-H-5155,,0.8000,review,lexical_ambiguous,ACM-HOSE0850:0.8300|ACM-HOSE0440:0.8300|ACM-HOSE0317:0.8300
ACM-H-5156,,0.8250,review,lexical_ambiguous,ACM-PVCP0200:0.8750|ACM-PVCP0949:0.8038|ACM-PVCP1075:0.7538
ACM-H-5157,,0.9000,review,lexical_ambiguous,ACM-MASK0600:0.9000|ACM-MASK0286:0.8214|ACM-MASK0286B:0.8214
ACM-H-5158,ACM-BALL0865,1.0000,auto,alias_exact,ACM-BALL0865:1.0000
ACM-H-5159,ACM-BALL0685,1.0000,auto,barcode_hit,ACM-BALL0685:1.0000
ACM-H-5160,ACM-HOSE0911,1.0000,auto,alias_exact,ACM-HOSE0911:1.0000
ACM-H-5161,,0.8000,review,lexical_ambiguous,ACM-PVCP0643B:0.8000|ACM-PVCP1051:0.8000|ACM-PVCP0023:0.8000
ACM-H-5162,,0.3073,reject,no_candidate_above_floor,ACM-CABL1048:0.3600|ACM-CABL0545:0.3538|ACM-CABL0576:0.3491
ACM-H-5163,,0.3693,reject,no_candidate_above_floor,ACM-CABL0248:0.4241|ACM-CABL0775:0.4241|ACM-CABL1088:0.4241
ACM-H-5164,,0.8500,review,lexical_ambiguous,ACM-HEXB0649:0.8500|ACM-HEXB0848:0.8042|ACM-HEXB0882:0.7613
ACM-H-5165,,0.6556,reject,no_candidate_above_floor,ACM-PVCP1009:0.7278|ACM-PVCP0432:0.6574|ACM-PVCP1066:0.6278
ACM-H-5166,,0.8178,review,lexical_ambiguous,ACM-SELF0504:0.8528|ACM-SELF0568:0.7500|ACM-SELF0669:0.7340
ACM-H-5167,,0.8845,review,lexical_ambiguous,ACM-SELF0129:0.8869|ACM-SELF0504:0.8213|ACM-SELF0081:0.7686
ACM-H-5168,,0.9000,review,lexical_ambiguous,ACM-CABL0540:0.9500|ACM-CABL0588:0.8313|ACM-CABL0646:0.7813
ACM-H-5169,,0.9000,review,lexical_ambiguous,ACM-HEXB0148:0.9000|ACM-HEXB0153:0.9000|ACM-HEXB0630:0.9000
ACM-H-5170,,0.8625,review,lexical_ambiguous,ACM-SELF0945:0.8125|ACM-SELF0918:0.7288|ACM-SELF0966:0.7131
ACM-H-5171,ACM-CABL0555,1.0000,auto,alias_exact,ACM-CABL0555:1.0000
ACM-H-5172,ACM-SELF0242,1.0000,auto,barcode_hit,ACM-SELF0242:1.0000
ACM-H-5173,ACM-GIWI0789,1.0000,auto,alias_exact,ACM-GIWI0789:1.0000
ACM-H-5174,,0.9000,review,lexical_ambiguous,ACM-BALL0364:0.9000|ACM-BALL0364B:0.9000|ACM-BALL0778:0.7950
ACM-H-5175,,0.9000,review,lexical_ambiguous,ACM-SELF0302:0.9000|ACM-SELF0302B:0.9000|ACM-SELF0090:0.8330
ACM-H-5176,,0.2965,reject,no_candidate_above_floor,ACM-WALL1006:0.3509|ACM-WALL0066:0.3509|ACM-WALL1030:0.3466
ACM-H-5177,,0.9000,review,lexical_ambiguous,ACM-GIWI0389:0.9000|ACM-GIWI0226:0.8295|ACM-GIWI0505:0.7411
ACM-H-5178,,0.7523,review,lexical_ambiguous,ACM-GIWI0621:0.7750|ACM-GIWI0997:0.7020|ACM-MASK1058:0.6406
ACM-H-5179,,0.7759,review,lexical_ambiguous,ACM-HEXB0253:0.8296|ACM-HEXB0998:0.7514|ACM-HEXB0083:0.7258
ACM-H-5180,,0.8841,review,lexical_ambiguous,ACM-SELF0400:0.9366|ACM-SELF0326:0.7702|ACM-SELF0242:0.7421
ACM-H-5181,,0.7402,review,lexical_ambiguous,ACM-NITR0470:0.7533|ACM-NITR0655:0.7250|ACM-NITR0569:0.7250
ACM-H-5182,,0.9000,review,lexical_ambiguous,ACM-BALL0315:0.9300|ACM-BALL0695:0.8583|ACM-BALL1017:0.8296
ACM-H-5183,,0.9000,review,lexical_ambiguous,ACM-HEXB0542:0.8500|ACM-HEXB0086:0.7656|ACM-HEXB0352:0.7613
ACM-H-5184,ACM-PVCP0666B,1.0000,auto,alias_exact,ACM-PVCP0666B:1.0000
ACM-H-5185,,0.9000,review,lexical_ambiguous,ACM-CABL0607:0.9500|ACM-CABL0550:0.7865|ACM-CABL0499:0.7865
ACM-H-5186,,0.9000,review,lexical_ambiguous,ACM-HEXB0290:0.9500|ACM-HEXB1059:0.8842|ACM-HEXB0599:0.8088
ACM-H-5187,ACM-SAFE0847,1.0000,auto,alias_exact,ACM-SAFE0847:1.0000
ACM-H-5188,,0.9000,review,lexical_ambiguous,ACM-PVCP1055:0.9000|ACM-PVCP1055B:0.9000|ACM-PVCP0392:0.8761
ACM-H-5189,,0.2690,reject,no_candidate_above_floor,ACM-CABL0697:0.3276|ACM-HEXB0714:0.3270|ACM-HEXB0628:0.3270
ACM-H-5190,,0.2858,reject,no_candidate_above_floor,ACM-CABL0555:0.3534|ACM-CABL0990:0.3534|ACM-CABL0950:0.3534
NRD-H-5001,,0.9000,review,lexical_ambiguous,NRD-PRAW0352:0.9500|NRD-PRAW0067:0.8595|NRD-PRAW0481:0.7795
NRD-H-5002,,0.8783,review,lexical_ambiguous,NRD-SALM0350:0.9117|NRD-SALM0299:0.8590|NRD-SALM0386:0.7433
NRD-H-5003,NRD-FULL0417,0.8500,auto,lexical_unique,NRD-FULL0417:0.9077|NRD-FULL0028:0.7800|NRD-WHIP0334:0.7043
NRD-H-5004,,0.9000,review,lexical_ambiguous,NRD-PRAW0097:0.9500|NRD-PRAW0224:0.7761|NRD-PRAW0206:0.7522
NRD-H-5005,,0.8387,review,lexical_ambiguous,NRD-CHIC0043:0.8481|NRD-MOZZ0181:0.7746|NRD-CHIC0168:0.7713
NRD-H-5006,,0.8000,review,lexical_ambiguous,NRD-PUFF0150:0.8500|NRD-PUFF0459:0.8500|NRD-PUFF0254:0.8500
NRD-H-5007,,0.8625,review,lexical_ambiguous,NRD-PRAW0210:0.9125|NRD-PRAW0160:0.8026|NRD-PRAW0129:0.7050
NRD-H-5008,,0.9000,review,lexical_ambiguous,NRD-BEEF0161:0.9000|NRD-BEEF0279:0.8046|NRD-BEEF0006:0.8046
NRD-H-5009,,0.9000,review,lexical_ambiguous,NRD-FULL0267:0.9500|NRD-FULL0236:0.9176|NRD-WHIP0442:0.8046
NRD-H-5010,NRD-BEEF0259,1.0000,auto,alias_exact,NRD-BEEF0259:1.0000
NRD-H-5011,NRD-BUTT0093,1.0000,auto,alias_exact,NRD-BUTT0093:1.0000
NRD-H-5012,,0.9000,review,lexical_ambiguous,NRD-WHIP0334B:0.9000|NRD-WHIP0334:0.9000|NRD-WHIP0246:0.6804
NRD-H-5013,,0.3649,reject,no_candidate_above_floor,NRD-BUTT0320:0.4088|NRD-BUTT0271:0.4000|NRD-BUTT0001:0.3933
NRD-H-5014,,0.3880,reject,no_candidate_above_floor,NRD-SALM0386:0.4398|NRD-SALM0350:0.4398|NRD-SALM0100:0.4398
NRD-H-5015,,0.9000,review,lexical_ambiguous,NRD-FULL0323:0.9000|NRD-FULL0307:0.8621|NRD-WHIP0011:0.7479
NRD-H-5016,NRD-POTA0394,0.8700,auto,lexical_unique,NRD-POTA0394:0.9046|NRD-POTA0225:0.7828|NRD-POTA0371:0.7758
NRD-H-5017,,0.9000,review,lexical_ambiguous,NRD-MOZZ0054:0.9000|NRD-MOZZ0065:0.8340|NRD-MOZZ0286:0.8340
NRD-H-5018,,0.8487,review,lexical_ambiguous,NRD-MOZZ0415:0.8566|NRD-MOZZ0122:0.8468|NRD-MOZZ0356:0.8468
NRD-H-5019,,0.8000,review,lexical_ambiguous,NRD-BEEF0261:0.8500|NRD-BEEF0430:0.8500|NRD-BEEF0279:0.8300
NRD-H-5020,,0.8500,review,lexical_ambiguous,NRD-POTA0293:0.8000|NRD-POTA0438:0.7107|NRD-POTA0156:0.7093
NRD-H-5021,,0.8250,review,lexical_ambiguous,NRD-SALM0159:0.8750|NRD-SALM0251:0.8050|NRD-SALM0117:0.7791
NRD-H-5022,NRD-SQUI0022,1.0000,auto,alias_exact,NRD-SQUI0022:1.0000
NRD-H-5023,NRD-CHIC0329,1.0000,auto,barcode_hit,NRD-CHIC0329:1.0000
NRD-H-5024,NRD-MOZZ0400,1.0000,auto,alias_exact,NRD-MOZZ0400:1.0000
NRD-H-5025,,0.9000,review,lexical_ambiguous,NRD-WHIP0334B:0.9000|NRD-WHIP0334:0.9000|NRD-WHIP0069:0.8038
NRD-H-5026,,0.2889,reject,no_candidate_above_floor,NRD-BEEF0423:0.3444|NRD-BEEF0335:0.3444|NRD-BEEF0445:0.3444
NRD-H-5027,,0.5950,reject,no_candidate_above_floor,NRD-MISC001:0.6150|NRD-MISC006:0.6150|NRD-MISC003:0.5632
NRD-H-5028,,0.9000,review,lexical_ambiguous,NRD-FULL0203:0.9500|NRD-FULL0120:0.8607|NRD-FULL0287:0.7711
NRD-H-5029,,0.8430,review,lexical_ambiguous,NRD-MOZZ0205:0.8818|NRD-CHIC0268:0.7414|NRD-MOZZ0175:0.7370
NRD-H-5030,,0.8594,review,lexical_ambiguous,NRD-FULL0010:0.8656|NRD-FULL0462:0.8607|NRD-FULL0120:0.6984
NRD-H-5031,NRD-BUTT0302,0.8700,auto,lexical_unique,NRD-BUTT0302:0.9046|NRD-BUTT0211:0.7400|NRD-BUTT0422:0.7400
NRD-H-5032,,0.8254,review,lexical_ambiguous,NRD-BUTT0047:0.8869|NRD-BUTT0015:0.7200|NRD-BUTT0179:0.6180
NRD-H-5033,,0.8250,review,lexical_ambiguous,NRD-SALM0076:0.8250|NRD-SALM0216:0.8250|NRD-SALM0322:0.8250
NRD-H-5034,,0.8250,review,lexical_ambiguous,NRD-VANI0424:0.7750|NRD-VANI0119:0.7299|NRD-VANI0213:0.6730
NRD-H-5035,NRD-SALM0331B,1.0000,auto,alias_exact,NRD-SALM0331B:1.0000
NRD-H-5036,NRD-MOZZ0205,1.0000,auto,alias_exact,NRD-MOZZ0205:1.0000
NRD-H-5037,NRD-VANI0327,1.0000,auto,alias_exact,NRD-VANI0327:1.0000
NRD-H-5038,NRD-BUTT0491,1.0000,auto,alias_exact,NRD-BUTT0491:1.0000
NRD-H-5039,,0.8250,review,lexical_ambiguous,NRD-SALM0398:0.8250|NRD-SALM0331:0.8250|NRD-SALM0413:0.8250
NRD-H-5040,,0.3649,reject,no_candidate_above_floor,NRD-BUTT0320:0.4088|NRD-BUTT0271:0.4000|NRD-BUTT0001:0.3933
NRD-H-5041,,0.3773,reject,no_candidate_above_floor,NRD-PRAW0226:0.4308|NRD-PRAW0256:0.4308|NRD-PRAW0387:0.4288
NRD-H-5042,,0.9000,review,lexical_ambiguous,NRD-BUTT0321:0.9000|NRD-BUTT0194:0.8450|NRD-PUFF0340:0.7565
NRD-H-5043,,0.8709,review,lexical_ambiguous,NRD-VANI0190:0.8754|NRD-VANI0283:0.8167|NRD-VANI0419:0.7090
NRD-H-5044,,0.9000,review,lexical_ambiguous,NRD-BEEF0407:0.9000|NRD-BEEF0301:0.8046|NRD-BEEF0469:0.8046
NRD-H-5045,,0.9000,review,lexical_ambiguous,NRD-SQUI0071:0.9500|NRD-SQUI0381:0.7976|NRD-SQUI0488:0.7939
NRD-H-5046,,0.7250,review,lexical_ambiguous,NRD-CHIC0370:0.7550|NRD-CHIC0107:0.7165|NRD-CHIC0311:0.6965
NRD-H-5047,,0.9000,review,lexical_ambiguous,NRD-SQUI0488:0.9300|NRD-MOZZ0018:0.8795|NRD-PUFF0492:0.8595
NRD-H-5048,,0.8500,review,lexical_ambiguous,NRD-WHIP0111:0.8000|NRD-WHIP0442:0.7167|NRD-WHIP0069:0.6415
NRD-H-5049,NRD-CHIC0380,1.0000,auto,alias_exact,NRD-CHIC0380:1.0000
NRD-H-5050,NRD-BEEF0476,1.0000,auto,barcode_hit,NRD-BEEF0476:1.0000
NRD-H-5051,NRD-PUFF0297,1.0000,auto,alias_exact,NRD-PUFF0297:1.0000
NRD-H-5052,,0.9000,review,lexical_ambiguous,NRD-SALM0142B:0.9000|NRD-SALM0142:0.9000|NRD-SALM0100:0.8500
NRD-H-5053,,0.3305,reject,no_candidate_above_floor,NRD-FULL0267:0.3797|NRD-FULL0236:0.3705|NRD-FULL0203:0.3698
NRD-H-5054,,0.2889,reject,no_candidate_above_floor,NRD-BEEF0423:0.3444|NRD-BEEF0335:0.3444|NRD-BEEF0445:0.3444
NRD-H-5055,,0.9000,review,lexical_ambiguous,NRD-FULL0024:0.9000|NRD-FULL0127:0.8607|NRD-FULL0287:0.7500
NRD-H-5056,,0.7796,review,lexical_ambiguous,NRD-BEEF0131:0.7981|NRD-BEEF0279:0.7231|NRD-BEEF0333:0.7231
NRD-H-5057,,0.7037,review,lexical_ambiguous,NRD-PRAW0455:0.7185|NRD-PRAW0048:0.6100|NRD-PRAW0384:0.6100
NRD-H-5058,,0.9000,review,lexical_ambiguous,NRD-SQUI0249:0.9500|NRD-SQUI0252:0.8933|NRD-PRAW0245:0.8065
NRD-H-5059,,0.8254,review,lexical_ambiguous,NRD-BUTT0491:0.8369|NRD-BUTT0178:0.7700|NRD-BUTT0179:0.6680
NRD-H-5060,,0.9000,review,lexical_ambiguous,NRD-CHIC0049:0.9000|NRD-CHIC0034:0.8214|NRD-CHIC0396:0.8214
NRD-H-5061,,0.8500,review,lexical_ambiguous,NRD-BEEF0407:0.8000|NRD-BEEF0235:0.7560|NRD-BEEF0469:0.7060
NRD-H-5062,NRD-BEEF0343,1.0000,auto,alias_exact,NRD-BEEF0343:1.0000
NRD-H-5063,NRD-FULL0339,1.0000,auto,alias_exact,NRD-FULL0339:1.0000
NRD-H-5064,NRD-BEEF0354,1.0000,auto,barcode_hit,NRD-BEEF0354:1.0000
NRD-H-5065,NRD-VANI0327,1.0000,auto,alias_exact,NRD-VANI0327:1.0000
NRD-H-5066,,0.9000,review,lexical_ambiguous,NRD-SALM0064:0.9000|NRD-SALM0064B:0.9000|NRD-SALM0207:0.8439
NRD-H-5067,,0.2889,reject,no_candidate_above_floor,NRD-BEEF0423:0.3444|NRD-BEEF0335:0.3444|NRD-BEEF0445:0.3444
NRD-H-5068,,0.4000,reject,no_candidate_above_floor,NRD-CHIC0101:0.4500|NRD-CHIC0268:0.4500|NRD-CHIC0058:0.4500
NRD-H-5069,,0.9000,review,lexical_ambiguous,NRD-PRAW0053:0.9000|NRD-PRAW0384:0.8310|NRD-PRAW0435:0.7621
NRD-H-5070,,0.7209,review,lexical_ambiguous,NRD-CHIC0217:0.7554|NRD-CHIC0359:0.6800|NRD-CHIC0490:0.6800
NRD-H-5071,NRD-POTA0164,0.9000,auto,lexical_unique,NRD-POTA0164:0.9000|NRD-POTA0105:0.7988|NRD-POTA0309:0.7895
NRD-H-5072,,0.9000,review,lexical_ambiguous,NRD-VANI0066:0.9000|NRD-VANI0202:0.8593|NRD-VANI0460:0.7481
NRD-H-5073,,0.8430,review,lexical_ambiguous,NRD-CHIC0212:0.8518|NRD-CHIC0428:0.7680|NRD-CHIC0219:0.7680
NRD-H-5074,,0.9000,review,lexical_ambiguous,NRD-VANI0363:0.9500|NRD-VANI0148:0.8133|NRD-VANI0137:0.7541
NRD-H-5075,,0.8250,review,lexical_ambiguous,NRD-POTA0325:0.7750|NRD-POTA0485:0.7327|NRD-POTA0208:0.7231
NRD-H-5076,NRD-PRAW0009,1.0000,auto,alias_exact,NRD-PRAW0009:1.0000
NRD-H-5077,NRD-BEEF0255,0.8500,auto,lexical_unique,NRD-BEEF0255:0.9000|NRD-BEEF0091:0.7860|NRD-BEEF0016:0.7761
NRD-H-5078,NRD-CHIC0253,1.0000,auto,alias_exact,NRD-CHIC0253:1.0000
NRD-H-5079,,0.9000,review,lexical_ambiguous,NRD-BEEF0118:0.9000|NRD-BEEF0476:0.9000|NRD-BEEF0214:0.9000
NRD-H-5080,,0.9000,review,lexical_ambiguous,NRD-PUFF0244:0.9000|NRD-PUFF0244B:0.9000|NRD-PUFF0305:0.8175
NRD-H-5081,,0.3443,reject,no_candidate_above_floor,NRD-PRAW0140:0.3991|NRD-CHIC0375:0.3806|NRD-CHIC0026:0.3806
NRD-H-5082,,0.9000,review,lexical_ambiguous,NRD-PUFF0125:0.9000|NRD-PUFF0056:0.8484|NRD-PRAW0455:0.7656
NRD-H-5083,,0.7309,review,lexical_ambiguous,NRD-VANI0075:0.7338|NRD-VANI0012:0.7176|NRD-VANI0137:0.7015
NRD-H-5084,,0.8103,review,lexical_ambiguous,NRD-MOZZ0110:0.8241|NRD-MOZZ0221:0.7862|NRD-MOZZ0400:0.7854
NRD-H-5085,,0.8524,review,lexical_ambiguous,NRD-FULL0462:0.8898|NRD-FULL0010:0.7459|NRD-CHIC0172:0.6856
NRD-H-5086,,0.8244,review,lexical_ambiguous,NRD-BEEF0072:0.8860|NRD-BEEF0006:0.6556|NRD-BEEF0016:0.6481
NRD-H-5087,,0.7250,review,lexical_ambiguous,NRD-WHIP0111:0.7550|NRD-WHIP0442:0.7250|NRD-WHIP0069:0.6450
NRD-H-5088,,0.8500,review,lexical_ambiguous,NRD-BEEF0284:0.8000|NRD-BEEF0187:0.7145|NRD-BEEF0265:0.7145
NRD-H-5089,NRD-BEEF0368,0.9000,auto,lexical_unique,NRD-BEEF0368:0.9300|NRD-BEEF0270:0.8092|NRD-BEEF0382:0.7660
NRD-H-5090,,0.8500,review,lexical_ambiguous,NRD-BEEF0373:0.8500|NRD-BEEF0007:0.7720|NRD-BEEF0335:0.7577
NRD-H-5091,NRD-PRAW0387,1.0000,auto,barcode_hit,NRD-PRAW0387:1.0000
NRD-H-5092,NRD-CHIC0253,1.0000,auto,alias_exact,NRD-CHIC0253:1.0000
NRD-H-5093,,0.9000,review,lexical_ambiguous,NRD-PUFF0305:0.9000|NRD-PUFF0244:0.9000|NRD-PUFF0244B:0.9000
NRD-H-5094,,0.3649,reject,no_candidate_above_floor,NRD-BUTT0320:0.4088|NRD-BUTT0271:0.4000|NRD-BUTT0001:0.3933
NRD-H-5095,,0.3554,reject,no_candidate_above_floor,NRD-POTA0394:0.4123|NRD-POTA0157:0.4033|NRD-MISC003:0.3950
NRD-H-5096,,0.9000,review,lexical_ambiguous,NRD-BUTT0178:0.9500|NRD-BUTT0491:0.8468|NRD-BUTT0179:0.7314
NRD-H-5097,,0.7803,review,lexical_ambiguous,NRD-SALM0027:0.8133|NRD-SALM0218:0.6667|NRD-SALM0130:0.6625
NRD-H-5098,NRD-POTA0061,0.9000,auto,lexical_unique,NRD-POTA0061:0.9000|NRD-POTA0156:0.7961|NRD-POTA0438:0.7871
NRD-H-5099,NRD-POTA0238,0.9000,auto,lexical_unique,NRD-POTA0238:0.9000|NRD-POTA0151:0.7980|NRD-POTA0225:0.7871
NRD-H-5100,,0.8244,review,lexical_ambiguous,NRD-BEEF0368:0.8860|NRD-BEEF0270:0.7303|NRD-BEEF0091:0.6981
NRD-H-5101,NRD-BEEF0259,0.9000,auto,lexical_unique,NRD-BEEF0259:0.9000|NRD-BEEF0118:0.7671|NRD-BEEF0351:0.7671
NRD-H-5102,,0.8400,review,lexical_ambiguous,NRD-PRAW0385:0.8900|NRD-PRAW0237:0.7595|NRD-PRAW0308:0.7376
NRD-H-5103,,0.9000,review,lexical_ambiguous,NRD-MOZZ0451:0.9300|NRD-MOZZ0116:0.7840|NRD-MOZZ0143:0.7840
NRD-H-5104,NRD-POTA0151,1.0000,auto,barcode_hit,NRD-POTA0151:1.0000
NRD-H-5105,NRD-BEEF0259,1.0000,auto,alias_exact,NRD-BEEF0259:1.0000
NRD-H-5106,NRD-BUTT0491,1.0000,auto,alias_exact,NRD-BUTT0491:1.0000
NRD-H-5107,,0.9000,review,lexical_ambiguous,NRD-BEEF0214:0.9000|NRD-BEEF0214B:0.9000|NRD-BEEF0395:0.7700
NRD-H-5108,,0.3443,reject,no_candidate_above_floor,NRD-PRAW0140:0.3991|NRD-CHIC0375:0.3806|NRD-CHIC0026:0.3806
NRD-H-5109,,0.3880,reject,no_candidate_above_floor,NRD-SALM0386:0.4398|NRD-SALM0350:0.4398|NRD-SALM0100:0.4398
NRD-H-5110,,0.9000,review,lexical_ambiguous,NRD-BUTT0029:0.9000|NRD-BUTT0093:0.8554|NRD-BUTT0336:0.7518
